Metabolite name	Average Mz	Alignment ID	control	treatment	Ratio
Unknown	55.05447	0	0.6855160259183436	0.7313376594742276	0.15221617186292463
Unknown	57.0534	2	0.6177568415380842	0.6375505442716384	0.06575325721244249
Unknown	57.07007	3	0.7345979650495911	0.7299954023397505	-0.01528938237430044
Unknown	59.03686	4	0.715749188450219	0.7490158438433168	0.11050943717326782
Unknown	69.07039	14	0.881686636574815	0.881310587678378	-0.0012492073941255477
Pyrrolidine	72.08127	17	0.7253305517338942	0.7009260943390583	-0.081069852660387
Unknown	75.04453	21	0.7684366497469842	0.7824666519788824	0.04660665858547506
Unknown	84.04479	30	0.8969979166165271	0.8797282152530421	-0.05736870614967492
Unknown	85.02878	32	0.9531796010656342	0.9537351073181262	0.001845351827038862
Unknown	85.06517	33	0.7368291645100384	0.7104102763427387	-0.08776164683864018
Unknown	87.08082	37	0.8905870536171883	0.8904519455778788	-0.0004488191916277417
Unknown	89.06004	40	0.8660225455499477	0.8703456312504056	0.01436097984495685
Unknown	92.05793	44	0.7478354505086845	0.7385138416267337	-0.030965714434503838
Unknown	93.07019	45	0.8791679053434713	0.8800003705253816	0.002765389475803301
Unknown	95.08582	49	0.9095941204501033	0.9102185536776447	0.0020743222819512353
Unknown	103.07557	63	0.8278798146053736	0.8278139673630203	-0.00021873980434435793
Unknown	104.07081	64	0.8204916222156409	0.810845058046247	-0.03204519253344361
Unknown	105.03386	66	0.792144662914758	0.8040122994537309	0.03942343523872554
Serina 	106.05005	70	0.8605447547391896	0.8305170287779794	-0.0997499464961225
Unknown	107.04932	72	0.8602749710579822	0.8686728419314256	0.027897123191727952
Unknown	107.05247	73	0.799250540829573	0.800537383074595	0.004274797407426385
Unknown	107.08569	74	0.9214097449300701	0.9213067424986398	-0.00034216667081022695
Unknown	109.02853	77	0.8400374721810286	0.8407513385418693	0.002371412720071786
Unknown	109.10133	79	0.9183628072659256	0.9186541722689398	0.0009678935893797005
Unknown	111.08057	83	0.8614641135825978	0.8676014941391784	0.02038793689992063
Unknown	113.02341	86	0.7404822575542318	0.7496553393179889	0.03047231802772348
Unknown	115.03906	89	0.7880054212010372	0.7969941640565497	0.029859957429444674
Unknown	115.07544	90	0.9050626858462577	0.9038136301390342	-0.004149273245905391
Proline	116.07067	93	0.9122686551946456	0.8962838341188564	-0.05310042622341205
Unknown	119.08558	103	0.8834629452932834	0.8847964963972618	0.004429960878273875
Unknown	120.08083	107	0.7436578142238799	0.7768290649644638	0.11019250977769869
Unknown	121.01705	109	0.6202932890176746	0.6654812387855432	0.1501111198842416
Unknown	121.10117	111	0.7139620094879943	0.7792786297951937	0.21697711606157646
Unknown	122.06005	112	0.8744490237167544	0.8706447230100467	-0.01263761339901185
Unknown	123.04406	114	0.8618953432114049	0.8648003824896935	0.009650331595298128
Unknown	123.08044	115	0.7988486066903164	0.7774566282591466	-0.07106261415572741
Unknown	123.11683	116	0.885805654303211	0.8822561752858729	-0.011791114069908834
Unknown	124.0393	117	0.7134950232202285	0.681051996564597	-0.10777340173052183
Unknown	125.09607	119	0.8953352977427194	0.8949946713018678	-0.0011315365437259855
Unknown	127.11171	125	0.8949132376848824	0.8924399830800143	-0.00821597395772117
Unknown	128.06199	126	0.8527729486996078	0.8594764841249424	0.022268662664491685
Unknown	128.07055	127	0.8826795838256682	0.8760096912793074	-0.02215690343963612
Unknown	130.04978	133	0.9177777991110718	0.9076412872549816	-0.03367276351890509
Unknown	130.15894	135	0.6711752091557062	0.6095249260350718	-0.2047978075561957
Unknown	131.08543	138	0.8799866300406867	0.8781853486892255	-0.005983727128215263
Unknown	133.03447	142	0.8857995657945794	0.9050398680277475	0.06391490054248535
Unknown	135.1167	153	0.8899331028580322	0.8898385881181441	-0.00031397116981540275
Unknown	136.08367	157	0.8792492865459307	0.8802825268400605	0.0034323499618392683
Unknown	138.06288	164	0.5864511443856462	0.5425550321643822	-0.14581972844414512
Unknown	139.11157	170	0.8952579200567878	0.8953105506649148	0.0001748350957880146
Unknown	141.05441	174	0.8388502796255141	0.8332060625549831	-0.018749683260239628
Unknown	142.03478	180	0.6347560740641379	0.7503564894994772	0.3840162678153044
Unknown	142.07756	181	0.7627192326554932	0.7594367469422023	-0.010904181512047572
Unknown	142.1225	182	0.8556608015395233	0.8545955424331315	-0.003538714153857538
Unknown	143.0337	183	0.7400284612438801	0.7422217841343837	0.007286060931123216
Unknown	143.1065	185	0.7948595205106848	0.7833851642835111	-0.038116986321793514
Unknown	144.10173	188	0.8826904577229945	0.8464909232956749	-0.12025225043595522
Unknown	145.12211	192	0.6725952149662335	0.6727376371431312	0.0004731162307711895
Unknown	147.04389	195	0.801699161489814	0.7837815755477828	-0.0595209321333921
Glutamine	147.07624	196	0.9273737283233887	0.9101865106880024	-0.05709470113593359
4-Hydroxy-6-Methylpyran-2-One	149.02313	201	0.8378109992031264	0.8275054713763805	-0.03423422242031084
Unknown	149.06359	203	0.665549723191027	0.5696746509655737	-0.31849009602508865
Unknown	149.09594	204	0.8870879862240517	0.8856229619038611	-0.0048667054489338075
Unknown	151.11156	211	0.9023212089104555	0.9024911527204125	0.0005645411168481967
Unknown	153.00691	215	0.7873999351429366	0.7772156254623825	-0.033831544454866115
Unknown	153.05442	216	0.7627767293544379	0.7800443418717982	0.05736176715304764
Unknown	153.09078	218	0.8277976833352748	0.8323307586624147	0.015058550285466722
Unknown	155.07009	223	0.8753132740789454	0.8753221477469737	2.9477687127666078e-05
Unknown	155.10643	226	0.8197619054373412	0.8256294045364891	0.019491410104186008
Unknown	158.11735	237	0.7734319433344784	0.7867599376401527	0.04427463873251837
Unknown	159.11666	243	0.6728131870402173	0.584182035681601	-0.29442631178040185
Unknown	161.09588	250	0.9351740557713492	0.936906920419845	0.005756451760475504
Unknown	163.1115	258	0.7607389573703984	0.7448403099490515	-0.05281416353968093
Unknown	163.14791	260	0.8073449732580098	0.8093000329048791	0.0064945675681154814
Unknown	165.02427	267	0.5824834324487265	0.6862731132111691	0.34478185648414866
Unknown	165.06062	269	0.805108751388924	0.8389261519384776	0.1123389729816216
Unknown	165.12722	272	0.8058056106801218	0.8008011345329304	-0.016624509913548777
Unknown	165.16359	273	0.74347213469546	0.76440986924469	0.06955364864238073
Unknown	166.03197	274	0.6066445375669741	0.7138198025656188	0.35602852387599604
Unknown	167.02247	276	0.839755337459841	0.8418823114968818	0.0070656548107417465
Unknown	167.05517	277	0.7109823642171023	0.7226265197238693	0.0386810473191666
Unknown	170.11731	283	0.6511270833676438	0.6236722342741221	-0.09120303454466251
Unknown	171.14893	288	0.8993001435295618	0.9012872460341731	0.006601011637489574
Unknown	172.16934	290	0.8932836949818517	0.8900058403281037	-0.010888797465242525
Unknown	173.08068	292	0.8302220044717374	0.8107815003543998	-0.06457995680615766
Unknown	173.11705	294	0.7154999013748556	0.6939129934115694	-0.07171015604498839
Unknown	173.13638	296	0.5830871306930043	0.5857684493965689	0.008907147932717664
Unknown	174.07585	298	0.6259780189936168	0.5575849909953835	-0.22719672120174916
Arginina 	175.11872	304	0.8211541242327416	0.6255032561946883	-0.6499381153247089
Unknown	175.14789	305	0.7686493633283586	0.7642154986658625	-0.014728979591274487
Unknown	177.12719	311	0.8176655402615436	0.8224572946814831	0.015917863631397754
Unknown	179.03982	315	0.5433572881826249	0.6274314055298285	0.2792881724685324
Unknown	181.03803	323	0.5749900316228931	0.5137810475212209	-0.20333184394685877
Unknown	181.0708	324	0.9231913265647702	0.9226581725926989	-0.0017710991587243383
Unknown	181.08573	325	0.6660686860704688	0.6589251575104892	-0.023730288220026277
Unknown	181.10093	326	0.76496617979554	0.7772590658029319	0.04083608339520253
Unknown	182.07039	330	0.816671550354611	0.8178959039448654	0.004067214589542273
Unknown	182.12543	332	0.816104543846783	0.8232286101780115	0.023665636095549242
Unknown	183.06774	333	0.7714253760785474	0.7659995915547289	-0.01802406604647775
Unknown	183.08033	334	0.7593246374529137	0.7696170574179476	0.034190679046225934
Unknown	185.15343	345	0.6467110112744499	0.6220506855521281	-0.08191982884605416
Unknown	187.13262	350	0.78769483740262	0.787536432018254	-0.0005262112967071902
Unknown	189.12715	356	0.6790167274110964	0.7206747278717021	0.13838488210691652
Unknown	191.16393	362	0.7819674053513678	0.7776518464017468	-0.014335976519888481
Unknown	193.15846	368	0.8692248074815119	0.8705173741130603	0.0042938134078546525
Unknown	195.01737	369	0.6642417556416136	0.7085146613588392	0.14707140934435112
Unknown	195.08629	371	0.9275054672687274	0.9260326240265564	-0.004892679345532868
Unknown	195.10133	372	0.7471549189491091	0.7772882385092614	0.1001007208390893
Unknown	195.13768	373	0.8572758602018649	0.8616548655704939	0.014546740961711236
Unknown	195.17411	374	0.8252625683598569	0.824715706120269	-0.0018166370377201843
Unknown	196.08982	375	0.7936298413940466	0.770004925233401	-0.07848027273340676
Unknown	198.09695	380	0.7854516418805714	0.7824621926920666	-0.009930735247532043
Unknown	200.11479	386	0.8325306978470783	0.8317906687688158	-0.0024583233861139846
Unknown	200.20059	389	0.882871038405892	0.8843816340389724	0.005018090073544122
Unknown	201.11188	390	0.8664341143489014	0.8666228931208608	0.0006271095062900364
Unknown	203.10634	396	0.9207709210193864	0.9224282742355903	0.0055056082120593436
Unknown	203.14279	397	0.8154064611539776	0.814868840626518	-0.0017859367345564195
Unknown	204.10975	399	0.8574015223215414	0.8612699569946423	0.01285066182381017
Unknown	205.12204	401	0.8798254649630776	0.8809274209303711	0.003660618487081336
Unknown	207.1376	405	0.6134859279768898	0.6822360590109076	0.22838299180909127
Unknown	207.17405	407	0.8575700870212564	0.8617251319800525	0.013802760584144888
Unknown	211.09393	411	0.7021193529469215	0.6782792641086084	-0.07919506089660312
Unknown	212.11253	414	0.8600293981099311	0.8409831414019888	-0.06327029526055031
Unknown	212.16423	415	0.5959176968535749	0.6118883345086881	0.05305330991978653
Unknown	212.20061	416	0.8498876505757652	0.855060929519033	0.017185260664330623
Unknown	213.14825	419	0.6998596856451301	0.6768405845453244	-0.0764677986624976
Unknown	215.14275	426	0.7701415106029328	0.772535622314855	0.007953066958133368
Unknown	215.16383	427	0.6864884012747493	0.699977844860389	0.04481096163153467
Unknown	215.18329	428	0.5880320471557327	0.6192357521496438	0.10365646428385046
Unknown	217.14315	432	0.6741834107068307	0.6503174546843813	-0.07928098982232083
Unknown	217.15835	433	0.776102749500554	0.787502429888712	0.037868918554158505
Unknown	217.17954	434	0.8818466058439643	0.8804052651611004	-0.004788030108709833
Unknown	218.1101	435	0.6410758797895266	0.6426211282047245	0.005133204124025918
Unknown	219.17399	438	0.8990717233714487	0.8987811707733306	-0.0009651948387306352
Unknown	220.02947	439	0.5661867822324949	0.6200987917649552	0.1790918191177155
Unknown	220.17732	440	0.7077441428954154	0.7299065258018729	0.07362184242661247
Unknown	221.11688	442	0.9097664696345884	0.9118831356430186	0.007031412280897412
Unknown	222.12032	445	0.7984076149738273	0.8157472715913165	0.057601092473337286
Unknown	222.15668	446	0.7145076517626412	0.6645944491487853	-0.16580807006877304
Unknown	223.16898	451	0.8515815365506085	0.8428484378159313	-0.029010726042149406
Unknown	226.12232	459	0.8387987348346071	0.8251487616602637	-0.04534422938231009
Unknown	226.15139	460	0.7128932459722795	0.7382377916395564	0.0841927583042828
Unknown	226.21614	462	0.8636815172264471	0.8599342079126768	-0.012448292089646738
Unknown	228.19561	469	0.741029061304048	0.6753225311112505	-0.21827236866501895
Unknown	229.12213	471	0.6693360994541185	0.6828448610436728	0.04487513465147566
Unknown	230.14636	475	0.7793783273371669	0.7977129971033655	0.06090645460681702
Unknown	230.17487	476	0.5925428962843367	0.5809229492166161	-0.038600628625364744
Unknown	233.0418	478	0.8979748152092472	0.8763856737555045	-0.07171757553968505
Unknown	233.19318	480	0.8045218945125066	0.8027837561247978	-0.005773970742932137
Unknown	236.11243	482	0.8526215500234173	0.8734874272215476	0.06931494368893822
Unknown	237.14803	486	0.7879653228414809	0.7870489711850499	-0.0030440543122945947
Unknown	237.18456	487	0.845579839539874	0.8499561656219901	0.014537840564569523
Unknown	239.2365	492	0.8959116345916686	0.8973906387978878	0.004913145625096356
Unknown	241.21567	497	0.619914627540446	0.6371870856107931	0.05737786373164998
Unknown	242.21098	501	0.6439662877963123	0.705617048094189	0.20479939270468317
Unknown	244.1902	507	0.7704859377185194	0.7395991519240613	-0.10260368149137825
Unknown	247.24168	514	0.8835631479537015	0.8806143679683709	-0.009795635078911258
Unknown	252.23188	520	0.8732735070892876	0.8750288348597043	0.00583107263628284
Unknown	253.17926	522	0.8497612954842536	0.8519169029284488	0.007160772930420337
Unknown	254.24741	523	0.9384242610719907	0.9380982350499845	-0.0010830350021668897
Unknown	255.1585	525	0.8686106129095543	0.8687457031991601	0.00044876022838813385
Unknown	255.25062	526	0.8972691853759633	0.8980015469801952	0.0024328525887145386
Unknown	263.01585	544	0.6320609484310917	0.6771913153340117	0.14991983374738427
Unknown	265.02279	548	0.8233190031046927	0.8214900189503629	-0.006075753847372244
Unknown	265.17949	549	0.7217779251502887	0.7530054028032176	0.10373543534773139
Unknown	267.17175	554	0.7406299396301096	0.7565119459972718	0.05275888315425632
Unknown	267.26768	555	0.811010547871932	0.790621254370843	-0.06773176691617194
Unknown	271.14351	563	0.7753446206730293	0.7830895464591211	0.025728086561635923
Unknown	274.1514	566	0.9022422255383296	0.9048896007666483	0.008794390148660628
Unknown	277.03154	571	0.5809278886938707	0.5990143422797294	0.0600818983037405
Unknown	278.18284	575	0.8362798680317844	0.8508180541236239	0.04829480882718169
Unknown	278.24729	577	0.9089404020222408	0.9083227685642766	-0.0020517339363537567
Unknown	279.23177	579	0.6784920757592483	0.605297502498985	-0.24314710930656014
Unknown	279.2508	580	0.7775576307787624	0.7914616310276875	0.04618808905822491
Unknown	279.8829	581	0.8977979656818293	0.8984607956504107	0.002201873494764155
Unknown	281.26644	586	0.9436098617764369	0.9440724211014508	0.0015365888173159972
Unknown	284.28525	595	0.8901454372727867	0.8877388582743834	-0.007994482387361824
Unknown	288.15196	604	0.7147709099698804	0.7100366505150851	-0.015726869491370185
Unknown	289.14306	605	0.7027981332786082	0.7574065738884345	0.18140531307976993
Unknown	292.22636	612	0.713648066443133	0.742133190550873	0.09462553405985492
Unknown	294.21901	618	0.87120243383972	0.8432550703400231	-0.09283913198767227
Unknown	294.24207	619	0.8347519326528879	0.8562179197320027	0.07130846556260027
Unknown	296.25781	621	0.9196754031921425	0.9213087090848661	0.005425724732583446
Unknown	297.26128	625	0.8419527260192297	0.8480168708737617	0.02014465316373611
Unknown	302.16753	633	0.8188112318449288	0.8073065462171538	-0.038217738409752434
Unknown	303.25245	640	0.8822964845531776	0.8865966224588955	0.014284748920894373
Unknown	304.17494	642	0.8210824408292426	0.8270507598324486	0.01982632657600004
Unknown	307.15343	648	0.9256250054604239	0.9227199809939319	-0.009650282391574916
Unknown	307.90208	651	0.7677491202222126	0.7660703002738608	-0.005576919152687487
Unknown	310.30983	657	0.9442619593841487	0.9440995893095747	-0.0005393817124964506
Unknown	311.14602	660	0.8806515905454997	0.8769850065443449	-0.012180128405700881
Unknown	311.16352	661	0.6795650683921255	0.7154005739288918	0.11904297263707563
Unknown	311.31324	662	0.9093123090648075	0.909537309247987	0.0007474344298588144
Unknown	312.25252	664	0.805047674775373	0.8182532469980145	0.043867961375456684
Unknown	312.31626	665	0.7183652065063805	0.7480041884729608	0.09845856689864342
Unknown	316.13847	673	0.8660819936680542	0.843597271845207	-0.07469262912904315
Unknown	317.11444	674	0.7157429673023132	0.7390846870557779	0.07753951463202192
Unknown	317.14184	675	0.7136074779165185	0.6910435548086388	-0.07495573010294361
Unknown	318.21872	680	0.8301668568402516	0.8393517700653867	0.030511621291678722
Unknown	319.19439	681	0.8796550090251356	0.8839054798105213	0.014119758318470758
Unknown	319.22207	682	0.7313773409693995	0.6178616647200116	-0.3770909141429798
Unknown	321.16929	684	0.8041660967282939	0.820782466075234	0.055198384168625436
Unknown	322.20068	686	0.9468913049221267	0.949347496839928	0.008159292938179498
Unknown	323.14589	687	0.9367312820326256	0.937904650838878	0.003897846803154179
Unknown	323.20422	688	0.8555612841599227	0.8630616760879315	0.0249157626683188
Unknown	324.14944	689	0.8550576956403271	0.8486636725666099	-0.02124048488793922
Unknown	324.18001	690	0.7131218943877202	0.7960251439599964	0.2753986339116031
Unknown	327.11975	699	0.7292658792333178	0.6830975928604648	-0.15336772759478562
Unknown	327.15602	700	0.9463171410729955	0.947914208111886	0.005305341865908908
Unknown	327.27099	701	0.7137656118074965	0.7450607314611654	0.1039601372103841
Unknown	328.12318	702	0.7711960394088094	0.7215918104684015	-0.16478168174236593
Unknown	328.1596	703	0.9064940863543917	0.9087175335328671	0.007386131649675881
Unknown	329.00457	704	0.8996672629142718	0.9016701797489197	0.006653545704739942
Unknown	329.19546	706	0.8595012256722561	0.8644932817394728	0.016583251300940217
Unknown	330.13885	707	0.6933311562440199	0.7074356091185616	0.04685397826695527
Unknown	331.28363	711	0.9620266272318934	0.9628620247996623	0.0027751306507721655
Unknown	341.11716	728	0.8948217065121571	0.8872483558936758	-0.02515812619196569
Unknown	341.20806	729	0.7131856926297216	0.6497852569993408	-0.21061168834865995
Unknown	347.14265	740	0.8871434934702136	0.8839533897871632	-0.01059729505032846
Unknown	348.3101	742	0.9070252093348394	0.9086461962186466	0.005384801870763056
Unknown	349.16417	743	0.5558643662347337	0.6055137016286366	0.16493152213749146
Unknown	349.3138	744	0.8248641504789062	0.8186335225195609	-0.02069769806693986
Unknown	350.25374	746	0.5954174635984452	0.66409275456413	0.2281343784834727
Unknown	352.22424	749	0.8220577475793791	0.7639357878451791	-0.19307697097095078
Unknown	355.15101	753	0.8775810186513815	0.863664410433375	-0.04622997182493587
Unknown	355.17455	754	0.8066667743799912	0.8450544015668211	0.12752093724799227
Unknown	355.33114	755	0.8161929686884599	0.8209165911862722	0.01569153428512504
Unknown	366.23074	768	0.8879282833304984	0.8928744567134776	0.016430832323102437
Unknown	367.15125	769	0.6763047547293847	0.6836011159073488	0.024237987187524873
Unknown	368.07372	772	0.8845432578049904	0.8710807027515615	-0.044721639860953365
Unknown	369.13891	775	0.516072702695798	0.6694805238832586	0.5096097511780825
Unknown	370.24306	778	0.8580658212277816	0.8592231189303237	0.003844459752223004
Unknown	371.1611	780	0.7769023072627648	0.7520806450565227	-0.08245577704471936
Unknown	373.1489	784	0.7948027128710342	0.8419048814972567	0.15647001728957072
Unknown	382.08231	789	0.8274463879453751	0.8137998966752803	-0.04533266274676282
Unknown	385.3416	792	0.8062138265225293	0.7008757475048245	-0.34992552415037825
Unknown	390.21118	798	0.7644062167765584	0.6652951193014905	-0.32923993921754774
Unknown	394.22164	801	0.8669777875950802	0.8575544124594194	-0.03130377461181416
Unknown	397.27086	802	0.8826195196038102	0.8711943844106484	-0.037953477586050485
Unknown	404.22711	806	0.8190038756698935	0.8030600448706869	-0.05296425947201504
Unknown	406.24295	808	0.8593885101734364	0.8761630369732643	0.055723771854789
Unknown	410.21675	813	0.8111757510530834	0.7496045819233408	-0.20453499656715338
Unknown	410.25314	814	0.5937542076174425	0.6201386007905969	0.0876470569484557
Unknown	411.19838	816	0.8688447905746752	0.8790975368661353	0.03405888595535315
Unknown	414.07029	818	0.548194580083879	0.5827691807740147	0.11485433740207386
Unknown	418.24289	824	0.8646963484254013	0.8675884030178195	0.009607197402501481
Unknown	422.25289	827	0.8785024547960103	0.8810115194225455	0.008334932274775279
Unknown	423.19812	828	0.7180405771682378	0.7469969971682558	0.09619114512541826
Unknown	425.15638	830	0.8613882275477119	0.8685325691619867	0.023732989127932463
Unknown	429.16825	834	0.7425649791401545	0.7062819419842069	-0.12052964049618459
Unknown	431.18252	836	0.7973269511458273	0.8009954475551274	0.012186481288047528
Unknown	432.25837	837	0.685664424318202	0.6986935120304266	0.04328169252199067
Unknown	434.18034	840	0.6514696989164873	0.6614537265165183	0.03316622178467403
Unknown	435.3575	843	0.887432179430168	0.8755214359999482	-0.03956663323184237
Unknown	445.1191	859	0.5969832078061719	0.6628829617976081	0.21891424423031744
Unknown	451.24323	862	0.7039239646991365	0.5933861352567416	-0.3671987211725591
Unknown	458.25294	869	0.8900699883966192	0.869962818485139	-0.06679457263761994
Unknown	461.23622	872	0.5907342443777673	0.6430880890088608	0.17391570735539724
Unknown	462.21154	874	0.7385808004900691	0.6674470377276955	-0.23630124501538133
Unknown	500.11576	891	0.8844765882066705	0.8710097258970111	-0.044735948256437535
Unknown	509.50364	894	0.6991237173770093	0.7150296374213405	0.05283832267029599
Unknown	538.53793	903	0.7746711919552758	0.7268852536796448	-0.15874145089837208
Unknown	554.49569	905	0.5864435161463799	0.6970299789019105	0.36736027754181216
Unknown	559.51865	906	0.8646299881616161	0.8553895142571329	-0.030696189873375915
Unknown	560.43003	907	0.715353364521953	0.7078027783140809	-0.025082504456799482
Unknown	563.55018	910	0.9516424865654511	0.952931375686829	0.004281596983499401
Unknown	564.55355	911	0.7026437058605326	0.7998766907887859	0.3230009843829244
Unknown	565.55721	912	0.7744495657808625	0.7502776869579664	-0.08029724336799168
Unknown	582.43552	916	0.8843148136558348	0.8869521606777466	0.008761077168056653
Unknown	585.53154	918	0.6980148580545172	0.699941639747634	0.006400630239079423
Unknown	587.44911	920	0.8803379572441286	0.8844222502656502	0.01356772773594534
Unknown	588.45189	922	0.7478319146738021	0.780062998968066	0.10706934444579806
Unknown	589.5653	923	0.6894442281694804	0.7478317421933154	0.19395912322640738
Unknown	591.58141	924	0.8922806536877517	0.8931480039390773	0.002881275167986577
Unknown	595.15884	928	0.7651870628448888	0.7511341438492981	-0.046682786426628806
Unknown	631.32327	938	0.8331989067138372	0.8322606836420074	-0.003116709581582847
Unknown	640.58697	940	0.6780582465498818	0.7284966292342179	0.16755268049977623
Unknown	647.29702	941	0.7954244834887577	0.7925915123793692	-0.009410926320281914
Unknown	649.11495	942	0.6728013992513361	0.7060311474516748	0.11038683413273796
Unknown	56.05005	1	0.9266616466552151	0.9265849686140968	-0.0002547189390519297
Unknown	61.02895	7	0.884405500468066	0.8880069154409306	0.01196364157970706
Unknown	65.06022	10	0.9397869018598769	0.9387541542290105	-0.0034307133699034115
Unknown	67.05475	12	0.6071953220764912	0.6461070149382349	0.12926184573705413
Unknown	69.03402	13	0.7796601318177998	0.7915966235588769	0.03965216726907461
Unknown	71.04964	16	0.8693805672388532	0.8684132232763457	-0.0032134470864729294
Unknown	74.0969	20	0.8212619912827186	0.8234434347594404	0.007246598372731015
Unknown	75.06385	22	0.7858417475388362	0.7823205865252248	-0.011697043697737686
Unknown	79.05469	25	0.6257693746342362	0.6993084291188058	0.24429145116374384
Unknown	79.07578	26	0.8005260016564868	0.7786140099235588	-0.07279006095255315
Unknown	81.0339	27	0.8875846707680941	0.8829663865684603	-0.01534160803293803
Unknown	81.07029	28	0.7786432524273075	0.7922987498748979	0.04536258062081372
Unknown	86.03212	34	0.7858350313586662	0.7630566878159541	-0.07566801936953145
Unknown	88.07605	38	0.9024562390149113	0.9019124190281766	-0.0018065308924949568
Unknown	94.04162	46	0.8734953696902992	0.8736477336500577	0.0005061421185702313
Unknown	95.04944	48	0.7879212890052617	0.7849623883026982	-0.009829255373827511
Unknown	96.04467	50	0.7897122966168496	0.8027430994219158	0.04328738993708628
Unknown	101.05995	57	0.9042498728833634	0.9045899921696127	0.0011298518126038365
Unknown	102.05519	58	0.7753700370779602	0.7203725838294119	-0.18269758509360698
Unknown	102.09156	59	0.8925119929022363	0.8874962710785792	-0.016661867242145956
Unknown	103.03919	61	0.7996080904718532	0.7992581252546136	-0.0011625592873819196
Unknown	105.07006	68	0.8965001908841523	0.8953507716256892	-0.0038182881274929025
Unknown	109.06494	78	0.894509716318679	0.8944323144533468	-0.00025712343104356163
Unknown	110.10467	81	0.7496535358573879	0.7499623337271779	0.0010258043192971843
Unknown	111.04419	82	0.814950276139671	0.8280494077656083	0.043514373366828944
Unknown	117.05469	95	0.7739850247161407	0.6953255981901825	-0.26130095890430916
Unknown	117.06997	96	0.7930128776529926	0.7969097527938471	0.012945139012672862
Unknown	117.07401	97	0.6535676321568534	0.6060985516384552	-0.1576888722125374
Unknown	117.09106	98	0.7873105670662401	0.7570938241116077	-0.10037784735698342
Unknown	119.01895	101	0.8162737143159519	0.8331306014644636	0.05599736701098713
Unknown	127.02117	121	0.6009112120567097	0.6607377627415428	0.19873949954015033
Unknown	127.07531	124	0.6981700697247573	0.7642766172884152	0.2196011976077232
Unknown	128.10695	128	0.769563330378793	0.7378578038118605	-0.10532347946589056
Unknown	129.05458	130	0.7606216569337759	0.7507322126736795	-0.03285202273043706
Unknown	129.09094	132	0.905737191199231	0.9042254481306814	-0.005021901771666185
Unknown	132.06542	139	0.7703029487610487	0.6673106553308159	-0.3421329931027735
Isoleucina 	132.10181	140	0.8503929079415189	0.8463059033961473	-0.013576735223202647
Unknown	133.06479	144	0.5386171554992139	0.6595259728211716	0.4016503971814151
Unknown	134.03524	147	0.6900528672625068	0.7769262615893728	0.2885871693126448
Unknown	136.0214	155	0.7828588900235488	0.7891059719606851	0.020752356998036414
Adenine	136.06161	156	0.63453358260263	0.517047000797406	-0.39028197687105604
Unknown	137.13233	162	0.8058065917028134	0.8094766633054021	0.012191713966887797
Unknown	138.09119	165	0.81094477713256	0.791222581191057	-0.0655157167909521
Unknown	141.0909	176	0.8857941676639931	0.8741439661495689	-0.038701131721865005
Unknown	141.12717	178	0.708806862551156	0.6707654169910963	-0.12637094677609043
Unknown	143.08534	184	0.9304202810328264	0.9316880095086644	0.004211302840574858
Unknown	144.08873	187	0.7493489871426794	0.8153455608109186	0.21923587223482718
Unknown	149.13229	205	0.8253410682191585	0.8229869142421844	-0.007820330235800789
Unknown	151.04498	210	0.8799471237254333	0.8874245503308686	0.024839473518054187
Unknown	152.11495	214	0.6538650734909166	0.6405944956192783	-0.044083905467185894
Unknown	154.13054	221	0.5326633784680421	0.6139821025175137	0.27013495406033217
Histidina	156.07662	230	0.787645189472447	0.7114507457919331	-0.2531124631366118
Unknown	157.12212	234	0.7756104480063607	0.7723146151447647	-0.010948519778988447
Unknown	159.06498	241	0.9324281004735359	0.9354226714865775	0.009947749580358064
Unknown	159.08024	242	0.7740304944140759	0.7376790734281548	-0.12075680666220961
Unknown	160.06836	246	0.844021517829997	0.8469372719421036	0.009685925502790273
Unknown	162.09925	252	0.853078633437848	0.8540718578405045	0.003299420047712502
Unknown	163.06016	256	0.9199127978840086	0.9206129074981445	0.00232571379669883
Unknown	163.0751	257	0.7686131921047434	0.7490704538686511	-0.06491957119750433
Unknown	165.07558	270	0.5848822878539275	0.5742773625355495	-0.03522879935930225
Unknown	165.0908	271	0.8640629755352767	0.8608587810284076	-0.010644103753852281
Phenylalanine	166.08607	275	0.9186942669537708	0.9139690054991065	-0.015696978781937498
Unknown	167.10653	279	0.9022901490684831	0.9024686826297861	0.0005930756531723777
Unknown	169.0857	281	0.8301786289147869	0.8367321916902177	0.02177046430531216
Unknown	169.1221	282	0.9040463113547149	0.9042397662557518	0.0006426432708478892
Unknown	171.08025	286	0.8691334380729806	0.870895346284619	0.005852932388854332
Unknown	172.13298	289	0.8675370165521059	0.872562201758335	0.01669330391858422
Unknown	173.13225	295	0.7037909354548797	0.6734649124212009	-0.10074086792177885
Unknown	177.06064	309	0.6510097284550314	0.7586987281084914	0.35773511345914416
Unknown	177.09077	310	0.8736530266912528	0.8740415017583445	0.0012904862395351944
Unknown	179.14275	319	0.771820609695347	0.797401433426488	0.08497765704283856
Unknown	180.08637	320	0.7263847627234886	0.7199013156157079	-0.021537545099052993
N-acetyltyramine	180.10166	321	0.7957275821850387	0.8204803141705433	0.08222679580786507
Unknown	181.00172	322	0.8391137129381161	0.8607179561492811	0.07176774249194857
Unknown	181.12205	327	0.9195662393459858	0.9198417672098468	0.0009152837518840958
Unknown	183.17414	338	0.8243316825249225	0.8228125747304813	-0.005046366861517008
Unknown	185.09587	342	0.7845085667401102	0.7942401174516494	0.032327511715483204
Unknown	185.11708	343	0.6436425839596142	0.7143703739752514	0.23495263274223924
Unknown	185.13226	344	0.8973178441715077	0.8987031860398025	0.004602006073312048
Unknown	185.18974	346	0.8485441419054971	0.8543550363635002	0.019303373556466028
Unknown	186.18498	348	0.7339625150717118	0.6911722923386374	-0.14214604308348786
Unknown	187.09622	349	0.8770691033446785	0.8784926883700708	0.00472904709131114
Unknown	187.14781	351	0.6866315033159024	0.6613769109314551	-0.08389393996682352
Unknown	189.11192	354	0.8919159608020902	0.8961292800920894	0.013996343722178927
Unknown	191.10642	361	0.9088055278660303	0.9100256666373984	0.004053213264268924
Unknown	191.17913	363	0.8567853966670941	0.8570605751453867	0.0009141231181486938
Unknown	193.12206	367	0.8012905667898557	0.8159183506975848	0.04859244632902668
Unknown	195.06495	370	0.6597965493445294	0.7037749004843682	0.1460929202182522
Unknown	196.10473	377	0.7319936851087445	0.7428671678337531	0.03612092775347846
Unknown	197.11702	378	0.8858259277939543	0.8867462131967527	0.0030571219348709297
Unknown	198.12749	381	0.9171808489449975	0.9130821740036231	-0.013615503439562653
Unknown	199.1115	383	0.9147204514550864	0.9144455912802332	-0.0009130657370104314
Unknown	199.16897	385	0.9145914727020227	0.9138529842020542	-0.002453205695796433
Unknown	203.05233	394	0.8540607159352995	0.8281951404297646	-0.08592358196226668
Unknown	205.15848	402	0.7871305940386566	0.7925849775712052	0.018119069897064233
Unknown	205.19475	403	0.8123611919524445	0.8095581435412771	-0.009311525268386609
Unknown	209.11694	408	0.9043259658309354	0.9047121199454735	0.0012827762020406759
Unknown	210.12022	410	0.7469230271793034	0.7559705084449511	0.03005508220432226
Unknown	211.13263	412	0.7707172858485243	0.7829685068740538	0.04069767532138145
Unknown	213.09068	417	0.6713552266156764	0.687057848519187	0.05216298086466599
Unknown	213.12708	418	0.9250753370588206	0.9263170034047995	0.004124726319183408
Unknown	213.1846	420	0.6290491233168594	0.6442497961124972	0.05049554202101972
Unknown	214.08928	421	0.8793486184964634	0.8771105372874678	-0.007434744846802021
Unknown	217.06798	430	0.8257674468256674	0.8213567989345267	-0.014651855146235926
Unknown	217.1068	431	0.9105885382482839	0.9095516316010038	-0.003444529323375143
Unknown	219.02622	436	0.906771093004835	0.8672849056861388	-0.13117027501396233
Unknown	219.10135	437	0.7723681659222532	0.7846350412145426	0.04074967766993609
Unknown	221.15332	443	0.841872102526835	0.8367041504946462	-0.017167565048758455
Unknown	223.06333	448	0.895038424041051	0.896563019509405	0.005064596519662458
(7R,8R)-7,8-dihydroxy-3,5,7-trimethyl-8H-isochromen-6-one	223.09602	449	0.6681778321282983	0.6592594576564205	-0.029626198718857324
Unknown	223.1325	450	0.7644135216821043	0.779925974753058	0.051531253677022895
Unknown	223.20533	453	0.8297574896474896	0.8434375882971292	0.045444304045068586
Unknown	225.14823	455	0.9025891135642905	0.9037546122385121	0.003871702790450745
Unknown	225.18438	456	0.5371886659536758	0.6617420320315578	0.4137573260869071
Unknown	225.22081	457	0.7039038316126589	0.6636448162356648	-0.13373755425333883
Unknown	227.10629	463	0.927721523855945	0.9291708244567456	0.004814472383736717
Unknown	227.12742	464	0.8536101409560687	0.8526077284549312	-0.003329942250195142
Unknown	227.16385	465	0.7116876527624261	0.768432455273769	0.18850215370126508
Unknown	228.23183	470	0.9109675077963933	0.9115254930312591	0.0018535868282327534
Unknown	229.14318	472	0.9120717727932746	0.9121650564401833	0.0003098815674597444
Unknown	233.15306	479	0.8367846147331004	0.8529625459708097	0.05374192429570253
Unknown	236.17225	483	0.8912407030107765	0.8927477801298479	0.005006401823005262
Unknown	237.11153	485	0.7763018885375642	0.7673950127615079	-0.029588000878153005
Unknown	239.14285	490	0.7203644992779018	0.6666260207469653	-0.17851536160841924
Unknown	239.16259	491	0.7512345257646866	0.7568475841064519	0.01864617620375225
Unknown	241.12194	495	0.801962741483353	0.8119408595090486	0.033146590603660396
Unknown	241.14299	496	0.9425425541805377	0.9428976242601187	0.0011795172730143138
Unknown	242.12527	498	0.8271640692688569	0.8408577186987373	0.04548931876265814
Unknown	242.14637	499	0.8675251018790222	0.8675634633396837	0.00012743401393207321
3,5-dihydroxydecanoic acid	243.1012	503	0.8876672400796186	0.8886895854574981	0.0033961578334558633
Unknown	247.13255	513	0.8000009100737043	0.7976298020197811	-0.007876650460341559
Unknown	251.16382	518	0.8316635580421893	0.8353952353820251	0.012396363796255118
Unknown	251.20011	519	0.70255862293828	0.7441364524012474	0.1381185598174668
Unknown	253.14303	521	0.6587651101718904	0.7164102576231877	0.19149303485238878
Unknown	256.12557	528	0.8174794275977424	0.8118312474100973	-0.01876284845032466
Unknown	257.13796	532	0.9232615236503976	0.9235348328980726	0.0009079136684440233
Unknown	258.14147	536	0.8423855175650222	0.8283856015805192	-0.04650671423498306
Unknown	261.11169	540	0.7841123428281866	0.761699694591941	-0.07445320585681253
Unknown	261.14805	541	0.8836418173417855	0.8857364160219394	0.00695810620311742
Unknown	262.15163	543	0.6083434346253537	0.6557815000563634	0.15758584232237643
Unknown	270.1412	560	0.9127891099581277	0.9135683889922642	0.002588708917254671
Unknown	270.27878	561	0.7135277827391341	0.7000208826502846	-0.04486895087998548
Unknown	271.15347	564	0.7851184110871012	0.7813733146405077	-0.012440941104001563
Unknown	273.14801	565	0.9547291290820771	0.9560395535774499	0.004353135947407592
Unknown	275.12732	567	0.925954575884043	0.9270978595911832	0.0037979062671761395
Unknown	276.13096	569	0.880419882121293	0.8829638593855841	0.008450909547003305
Unknown	277.15836	573	0.6123878680208668	0.6146888030661801	0.0076435407715371466
Unknown	277.1794	574	0.9301064399474528	0.9317244341508777	0.005374860401722085
Unknown	279.15859	578	0.9167737171992801	0.918182534641555	0.004679990242060094
Unknown	280.26304	583	0.9797536373123409	0.9803085084548558	0.0018432420373629456
Unknown	282.03281	587	0.7490406987062956	0.7817056811828571	0.10851072300789247
Unknown	282.73247	591	0.6855853047214014	0.6877670989556999	0.007247763564179175
Unknown	283.03389	592	0.6986792192358582	0.7388091758923864	0.13330883046393321
Unknown	285.16899	598	0.8776735700610157	0.8803759026500366	0.00897695454919824
Unknown	287.22108	602	0.8714874432417531	0.872969303323408	0.004922632637941893
Unknown	289.16412	606	0.9091186026063434	0.9091002801760998	-6.086579579256198e-05
Unknown	290.16741	607	0.7498287800543618	0.7423155128950258	-0.024958533260992892
Unknown	292.16165	610	0.7518641004414955	0.747718235178723	-0.013772266294021332
Unknown	293.17431	615	0.8997630059568597	0.9005053767869398	0.002466102517267696
Unknown	294.17752	616	0.6634593741664823	0.6994038889883518	0.11940509364386372
Unknown	297.04868	622	0.7252354462666253	0.7115672935461781	-0.04540462052726457
Unknown	298.27361	626	0.8957296482882309	0.8997086021822345	0.01321779872875214
Unknown	299.16162	628	0.7219520606508496	0.778824849276999	0.18892731437179647
Unknown	299.30531	629	0.8694065109042692	0.8676634752414989	-0.005790239138547106
Unknown	302.48199	635	0.7048869720053684	0.7292181729431761	0.08082649997765338
Unknown	303.1586	638	0.7929627458061113	0.8090839371979297	0.05355343860753805
Unknown	305.17413	644	0.9951548655101342	0.9963280505263638	0.003897236265913777
Unknown	306.17752	646	0.9629745475093014	0.9641780973643757	0.003998106077168706
Unknown	308.1567	652	0.8962637366270552	0.8978138405178051	0.005149333664676157
Unknown	310.18769	656	0.8763968346703839	0.8817319407840915	0.017722838888330754
Unknown	313.27306	667	0.9251271130387052	0.9260045305997898	0.002914718047114649
Unknown	315.13511	670	0.839410932203467	0.8255039390205489	-0.04619803136974273
Unknown	317.15915	676	0.8321950002318785	0.8221859565841596	-0.03324932329631129
Unknown	317.19551	677	0.7476646626738728	0.7821055404015723	0.11441011933622564
Unknown	321.23794	685	0.863065049338601	0.8657658727635049	0.00897194121451849
Unknown	324.28916	692	0.6361490880863386	0.6373942098025327	0.004136204810579344
Unknown	326.10776	696	0.7136384561692398	0.7328401566266816	0.06378666821918713
Unknown	327.0076	698	0.8955182472693934	0.8953726306160553	-0.00048372805180764715
Unknown	331.00146	708	0.8720521720949542	0.8715674873730437	-0.00161008779487759
Unknown	334.27344	718	0.7868805558794156	0.7658973536832991	-0.0697046888959817
Unknown	335.0156	719	0.7778414235887852	0.7367293780469824	-0.1365712591236036
Unknown	335.18471	720	0.6351820486562676	0.6930766812170037	0.1923218064466898
Unknown	343.13	733	0.9701576384341979	0.9672013695370281	-0.009820512705549848
Unknown	344.13342	735	0.9360063224646004	0.9329862836501335	-0.010032351785428011
Unknown	346.13161	738	0.776989649493439	0.7482683295929627	-0.09541015949963941
Unknown	350.23195	745	0.750868828799921	0.7360685990763965	-0.04916529892936274
Unknown	354.26908	752	0.7838207125518082	0.8045859207906348	0.06898052864474465
Unknown	360.14937	759	0.7619548035806264	0.7312116041290512	-0.1021266979849134
Unknown	360.31831	760	0.7793237090727922	0.6903991956790134	-0.2954008393669813
Unknown	361.15278	761	0.5433905683051157	0.6936619854887962	0.49919084260100793
Unknown	361.20018	762	0.6677715261861148	0.7202217086476796	0.1742357347010405
Trehalose	365.10491	766	0.893527018141416	0.8711277761516989	-0.07440867126982195
Unknown	369.19007	776	0.581976444789434	0.6431111385074737	0.20308505663429025
Unknown	371.32632	782	0.8383012265562466	0.8083428847532454	-0.09951945731162844
Unknown	376.34141	786	0.8011040906230462	0.7950474590397733	-0.020119694616856584
Unknown	385.11607	791	0.8157204237521329	0.8218706718810841	0.02043068205009129
Unknown	387.20075	794	0.8379688403638209	0.8316008420659994	-0.021154032453728395
Unknown	389.12644	795	0.8592827043974987	0.8583869931274639	-0.0029754884328360037
Unknown	401.21621	805	0.8543667105608721	0.8621265405349854	0.025777597202556155
Unknown	411.09772	815	0.5670513429313533	0.6612088162967672	0.31278435611617705
Unknown	433.21757	838	0.697916093282097	0.5230557565857734	-0.5808734651529811
Unknown	439.17214	850	0.8845681854508483	0.8812130990803114	-0.01114535567505999
Unknown	470.2533	878	0.7692349178236796	0.7670917688903836	-0.0071193866530436965
Unknown	520.13892	896	0.6772363670077803	0.7478232905655505	0.23448468449822296
Unknown	570.43614	914	0.7084707575655314	0.7217244436644705	0.04402779221288398
Unknown	580.41953	915	0.6155488713515088	0.6318947410478838	0.054299803779756
Unknown	594.2134	927	0.6348140284769568	0.5229435950809707	-0.37162553568535217
Unknown	608.42778	930	0.790600388224839	0.7909213971005576	0.0010663684029579219
Unknown	59.0497	5	0.8359210069483411	0.8372213913070061	0.00431978333520113
Unknown	60.04495	6	0.8944280686419248	0.8927774298387711	-0.0054833034147077865
Unknown	66.06358	11	0.6779124936434635	0.6658231362133871	-0.04015997609610654
Unknown	87.04442	36	0.9418980178151831	0.9412676049662687	-0.00209418615418686
Unknown	88.99137	39	0.6150209980859026	0.6180328641619275	0.010005202535985048
Unknown	91.05455	43	0.9302514050334445	0.9307581191349404	0.0016832678098347316
Unknown	97.06507	52	0.8377093393135002	0.8240531922162356	-0.045364738710317834
Unknown	98.98444	53	0.8264100811099306	0.8168536689920071	-0.03174571390085232
Unknown	99.0443	54	0.9124598404497821	0.9132428919610643	0.0026012408150721837
Unknown	100.07593	55	0.8781932695827955	0.8809475425799894	0.00914949685036795
Unknown	103.05445	62	0.7603946689198847	0.7601902782229173	-0.0006789711985894952
Unknown	108.04454	75	0.8560019077926353	0.8575937317642492	0.005287924773419804
Unknown	110.06017	80	0.721807685111281	0.6673311050405425	-0.18096728185036726
Unknown	118.0863	100	0.9146232510784397	0.9112032561085921	-0.011360977374709884
Tyramine	121.06479	110	0.9358048106594202	0.9346396020650605	-0.0038707391660079307
Unknown	122.06814	113	0.8089005533983266	0.793033861359171	-0.05270801005779637
Unknown	129.06982	131	0.8456317562721642	0.8572233729363945	0.038506517062070915
Unknown	131.07021	137	0.862312165145129	0.8594054527141137	-0.009655889688347808
Unknown	137.09593	161	0.7388041569756467	0.773618088715787	0.11564937794106257
Unknown	141.06975	175	0.7771388084371426	0.7958740722944767	0.06223719937280623
Unknown	145.10113	190	0.8205639867328579	0.8090852853214809	-0.03813142071127639
Unknown	157.08588	232	0.8519335965921084	0.8487194605154257	-0.01067712893392341
Unknown	171.11657	287	0.8982077779269912	0.8994934733656348	0.004270987799098771
Unknown	173.09589	293	0.8113211464376471	0.8140009962654071	0.008902268432914898
Unknown	192.10973	364	0.7747531479615171	0.7709422144798836	-0.012659647000385165
Unknown	203.17919	398	0.7615927631208597	0.7826061408326161	0.06980492978916374
Unknown	215.10635	424	0.8286056242328282	0.8345494821856327	0.019745068725440934
Unknown	215.12758	425	0.789357240562654	0.8037520838069506	0.04781863419472868
Unknown	243.15811	504	0.8063470999594284	0.805542918723996	-0.0026714322393642143
Unknown	266.25548	552	0.8395975160440449	0.8045005503220398	-0.11658959647722737
Unknown	271.11709	562	0.777161540598789	0.788848123554191	0.03882198825278177
Unknown	275.15446	568	0.7511652963895112	0.7785516621877177	0.09097553796192448
Unknown	278.21115	576	0.649594124575097	0.6940117940883912	0.14755230426563354
Unknown	280.87301	584	0.7074944754733934	0.6806147784201035	-0.08929242082338479
Unknown	282.52384	590	0.8281434621837559	0.8267877421457532	-0.004503604483042801
Unknown	284.70426	597	0.7109574860860882	0.6806291748850013	-0.10074846904937794
Unknown	293.13791	614	0.7836753400991199	0.7770638322364288	-0.02196295371864208
Unknown	294.20591	617	0.5891306043809769	0.5982016892031226	0.030133491521791976
Unknown	303.04969	636	0.8099184485413607	0.8023414955550654	-0.025170092998815365
Unknown	305.26408	645	0.8023414194873549	0.8028652860421559	0.001740247026364929
Unknown	307.18037	649	0.8768061266020242	0.882998164638011	0.02056950511635563
Unknown	308.29437	653	0.8558739570955989	0.8595156298053387	0.012097374886869256
Unknown	312.16707	663	0.657085400032571	0.6553238351325088	-0.0058517919324839514
Unknown	318.19054	679	0.9347228348610125	0.9366260994067989	0.006322507966651036
Unknown	332.2871	712	0.9045460490223873	0.904597445832866	0.00017073650871682894
Unknown	334.2119	716	0.8502904730417984	0.8342624862616306	-0.05324381958952303
Unknown	334.22256	717	0.6435761477174031	0.6977333047027027	0.17990618132869213
Unknown	341.30436	730	0.850913834934901	0.8427223050797663	-0.02721167316588041
Unknown	345.10946	736	0.9100630637425938	0.9111518654757239	0.0036169210670466087
Unknown	346.22207	739	0.7358819504102652	0.7778832723683652	0.13952537143502175
Unknown	367.23431	770	0.6470831208351338	0.6409844545378706	-0.020259330914221364
Unknown	381.07868	787	0.9208654236250249	0.913742287938951	-0.023662544559263837
Unknown	389.21637	796	0.8591300211259616	0.8669353099669301	0.025928608289524216
Unknown	415.23563	820	0.8596417789261384	0.8722175424872899	0.041775782288450206
Unknown	419.36239	825	0.7509556583423826	0.6701679989134732	-0.2683707955770858
Unknown	423.25622	829	0.6139640270533738	0.6182472334992083	0.014228503828620112
Unknown	434.25278	841	0.6243538419137279	0.48602929740486267	-0.4595041906164966
Unknown	440.2272	852	0.6309684007030757	0.6659662343067815	0.11626028670834344
Unknown	442.25814	854	0.762710482490476	0.7690555072530365	0.021077716021505814
Unknown	443.18231	855	0.88224997352805	0.872974087440783	-0.030813826598267015
Unknown	451.35215	863	0.7162744146780738	0.7089310074144763	-0.024394270901144575
Unknown	459.25641	870	0.7660975882795782	0.7675334102740983	0.004769697422853539
Unknown	501.11899	892	0.7232028301205001	0.7507164498036879	0.09139826621762735
Unknown	521.13612	897	0.7988157088842455	0.7880466950572601	-0.03577388958609317
Unknown	542.29499	904	0.6235871733091293	0.6584141121386546	0.11569258655672403
Unknown	584.43015	917	0.854423727420228	0.8644307146409234	0.0332424919936066
Unknown	588.42475	921	0.6416347102718825	0.6510725587664975	0.031351854069551904
Unknown	601.50569	929	0.7677948356519751	0.7288018257134243	-0.12953197521909413
Unknown	613.5586	935	0.7865228606671322	0.8058762386503794	0.06429053005352371
Unknown	74.0605	19	0.9374496276404726	0.9370660888989225	-0.0012740881210327956
Unknown	83.04954	29	0.8554327996753179	0.8604215960540218	0.016572422850088822
Unknown	102.97049	60	0.8114969569138182	0.8234931394792766	0.03985045589559387
Unknown	105.11053	69	0.8229678367987381	0.732757128334058	-0.29967348690851375
Unknown	108.08905	76	0.722955685709376	0.6991199548071446	-0.07918058414629742
Unknown	116.98595	94	0.9106129041732494	0.9203961825765444	0.032499347388010906
Unknown	120.98086	108	0.5383557220210127	0.6226117425312101	0.27989244169623057
Unknown	125.98627	120	0.5641619217820597	0.5739261235662854	0.03243597623116794
Unknown	128.14338	129	0.5935768533965835	0.6682561474266914	0.24807924494496944
Unknown	130.08619	134	0.8989824650578613	0.8775522962011654	-0.07118948000323835
Unknown	130.96511	136	0.652818896823868	0.6881022912682295	0.11720889928771723
Unknown	133.06066	143	0.9256352564242717	0.8535021740740933	-0.2396209128298814
Unknown	133.10107	145	0.8650212157841709	0.8730365993743235	0.026626527939427387
Unknown	133.10514	146	0.5290274726445533	0.4995001308362136	-0.0980877063204658
Unknown	134.99635	151	0.9055288675462148	0.9065106638604687	0.0032614567597769877
Unknown	138.05479	163	0.9527285287853899	0.9484541000821186	-0.014199344798989967
Unknown	139.03887	166	0.6873704935944813	0.6647524674065689	-0.07513545664452448
Unknown	139.05816	168	0.8925954228288981	0.8849146951747793	-0.025514824983395853
Unknown	140.07042	171	0.7294011385757596	0.7520097567350801	0.07510420385002707
Unknown	147.11664	198	0.6395053038615255	0.6982127069567755	0.19502177171998814
Unknown	149.01195	200	0.901123435002294	0.9043306572917473	0.01065416182988416
Unknown	153.12721	219	0.8771403134913363	0.8775833854500914	0.0014718531878454232
Unknown	155.15398	229	0.6711359039921271	0.6949229803535621	0.07901895726028209
Unknown	157.10097	233	0.9011909297238287	0.9025415853842482	0.004486780984865851
Unknown	158.10436	236	0.7641871785619746	0.7585462115018936	-0.018738886959217268
Unknown	158.15373	238	0.7936684889450778	0.7858348733296467	-0.0260227077974487
Unknown	159.05106	240	0.6695437331998862	0.5167336366163866	-0.5076241530231789
Unknown	161.01195	249	0.7766443717785272	0.79991922306605	0.07731738239634747
Unknown	163.03872	255	0.8156699689268059	0.8511319159609361	0.11780203815208437
Unknown	164.98435	266	0.5803157256758361	0.5277148040875552	-0.17473647924107735
Unknown	175.11153	303	0.8161774956407587	0.8671289165748457	0.1692569566753757
4-methylumbelliferone	177.05437	308	0.7734741378611022	0.7348971283792266	-0.12815005161457851
Unknown	179.02244	314	0.7944050836097233	0.8119040275722162	0.05813023357986519
Tirosina 	182.081	331	0.8309581571531248	0.8363170110579895	0.017801727342966457
Unknown	189.15944	357	0.7594979540670427	0.6803557618849662	-0.2629046717006148
Unknown	189.16358	358	0.6106205401899959	0.6512626109197117	0.1350100365914425
Unknown	193.0381	366	0.7545977794943171	0.747500366961989	-0.023577094092146242
Unknown	197.15339	379	0.8364701924716849	0.8287712122911814	-0.02557545856359501
Unknown	201.12707	391	0.7914900991485618	0.7969492648525152	0.018134955926608163
Unknown	211.16894	413	0.8673367804508778	0.870604292643514	0.010854440553105107
Unknown	214.13036	422	0.8321526735499574	0.8361289418131226	0.01320887725621744
Unknown	216.12281	429	0.5642272091127357	0.5257601193128024	-0.1277849063349536
Unknown	229.23517	473	0.8044825356145013	0.8187572528185252	0.04741958412661863
Unknown	231.13771	477	0.8766532001631029	0.887370392380211	0.035601741924319676
Unknown	235.16883	481	0.9375507108247401	0.9384572338658649	0.003011404358975369
Unknown	237.22098	488	0.7415809518703288	0.7495185126819018	0.026368006264841534
Unknown	241.06795	494	0.8380404527344391	0.8573248559981754	0.06406140099494345
Unknown	242.2474	502	0.7702785444068675	0.7706735134661813	0.001312058814745853
Unknown	244.10441	506	0.6634075283701737	0.6587386416350469	-0.015509706017264344
Unknown	245.22599	511	0.7037511332782794	0.6574523401976958	-0.15380126149376736
Unknown	257.04168	530	0.7694249218805551	0.7919088717921579	0.07469006489539304
Unknown	257.11677	531	0.7386423759109539	0.6883317082414666	-0.16712842040381126
Unknown	263.23645	545	0.9151509255298077	0.9156690530279231	0.0017211822927235437
Unknown	282.09664	588	0.6402574409468285	0.6380781743988344	-0.0072393667720297185
Unknown	288.07811	603	0.5446487832730411	0.5143182227946559	-0.1007559409868278
Unknown	297.16898	624	0.8141125052912435	0.8155305237947835	0.004710555505979896
Unknown	303.14322	637	0.8017391543023316	0.797419051849845	-0.014351069709707192
Unknown	304.26066	643	0.9213081885187904	0.922404504594266	0.0036418831719992424
Unknown	309.13008	654	0.8279023352270515	0.8381067992553881	0.03389849574899897
Unknown	312.32576	666	0.7953896247805116	0.7826823949050312	-0.042212503931549857
Unknown	325.10402	693	0.905448425717974	0.9004786773285732	-0.016509146799271603
Unknown	326.21077	697	0.7554190730009724	0.7932506336429672	0.12567372417007755
Unknown	331.09371	709	0.738436649916755	0.7058019643657684	-0.10841007879963681
Unknown	331.12996	710	0.8479256540882874	0.8341059787510612	-0.04590796776495383
Unknown	336.22912	721	0.8692493259071468	0.8629531227999597	-0.020915533992881763
Unknown	337.20067	723	0.862146160451831	0.8671574849203993	0.016647259544733964
Unknown	339.11986	725	0.9594111010921402	0.9557470629697304	-0.012171671179571391
Unknown	340.12317	726	0.9106551114942665	0.9064948045266126	-0.013820240599205067
Unknown	342.16954	732	0.7146666683781393	0.6876388338266891	-0.08978452294042995
Unknown	346.11272	737	0.8669088904575878	0.8594117893213087	-0.024904830894817792
Unknown	352.09978	748	0.8286461501027135	0.8346000506840059	0.01977842961516137
Unknown	357.19036	757	0.883131885027634	0.8878670665899321	0.015729932666190823
Unknown	369.07716	774	0.7289014683661184	0.7184264858401085	-0.03479713874660636
Unknown	371.23748	781	0.8345777334692632	0.8108535615389505	-0.07880999326324385
Unknown	372.16501	783	0.6618085854247592	0.6353166095794187	-0.08800443884971375
Unknown	391.28348	799	0.874538895228939	0.8773539379024035	0.009351369345288353
Unknown	399.25834	804	0.6844143428596511	0.7796222211210746	0.3162737256512386
Unknown	409.34186	812	0.7322858876947418	0.6758532627168722	-0.18746512238222748
Unknown	414.33227	819	0.7760498997155016	0.6466094417970084	-0.42999189377452773
Unknown	428.17571	833	0.8255357414685349	0.8163875136368515	-0.030389755052499568
Unknown	437.22758	846	0.7897706352981917	0.6040217017509094	-0.6170446009460826
Unknown	442.2428	853	0.6294347453165373	0.6190581819747369	-0.03447019729350465
Unknown	455.24622	868	0.7082421973244902	0.7034949566983987	-0.01576999200900435
Unknown	467.34698	877	0.6229286213521654	0.592244136308385	-0.10193165294408475
Unknown	560.52155	908	0.6722385958232064	0.7264768992685369	0.18017574403406933
Unknown	594.15732	926	0.771717039546999	0.8013828981454221	0.09854784913705736
Unknown	611.15975	931	0.86637556773061	0.851526115068654	-0.04932881399145112
Unknown	612.163	933	0.7578697991655883	0.7520424692898452	-0.019357970832407503
Unknown	612.55543	934	0.8888532916404809	0.89085211824774	0.0066399582634623965
Unknown	73.06527	18	0.8965711632953774	0.8977023991202939	0.0037578840687331337
Unknown	79.02165	24	0.8434091462889902	0.8381294262155081	-0.017538850445241068
Unknown	84.96008	31	0.8206195649993756	0.8296072797022792	0.02985654198040769
Unknown	111.11696	84	0.8990664877149263	0.894230869583743	-0.016063575726124445
Unknown	113.0598	87	0.9036755879605893	0.9027313046931993	-0.003136841115475392
Unknown	119.10668	105	0.6219581618668636	0.6647657287164888	0.14220365899153845
Unknown	139.07519	169	0.7425321559280524	0.7704431243933366	0.09271823030034267
Unknown	155.08541	224	0.6839809978067166	0.7173134360787242	0.11072796316688101
Unknown	155.14282	228	0.7547039852927152	0.6912355661127305	-0.21083752481207887
Unknown	158.0123	235	0.5393984225827408	0.6232207960685756	0.2784518974627362
Unknown	164.04215	261	0.6925006768778807	0.7019411050091324	0.031360423436969875
Unknown	164.06348	263	0.7367689238295256	0.7541732913173261	0.057816057331468454
Unknown	179.11769	318	0.7667713886342122	0.7650268613031332	-0.005795194353410374
Unknown	189.00676	353	0.5095670452043044	0.5324133473100845	0.07589377282947493
Unknown	201.14828	392	0.6403603962672557	0.5706596700215341	-0.23154080074971586
Unknown	207.14148	406	0.5541770396257312	0.5211998514515175	-0.1095478478863077
Unknown	226.17978	461	0.6806304836308733	0.6175957763884022	-0.20939676494176454
Unknown	228.10957	468	0.881336525981007	0.8770008279781242	-0.014402877006723387
Unknown	245.11704	509	0.6426543108515853	0.6626094748478387	0.06628961991723883
Unknown	246.15651	512	0.8755326834167887	0.87793793968551	0.007990088374469736
Unknown	249.18455	516	0.8679160859847974	0.8643033109794094	-0.012001378790905352
Unknown	250.17983	517	0.6946380500458154	0.6757169497184595	-0.06285453476362554
Unknown	255.12228	524	0.9135606755441017	0.9070464287952389	-0.021639859292076055
Unknown	265.25208	550	0.9132666380496128	0.913850689350636	0.0019401764257242875
Unknown	268.10342	556	0.663112884844044	0.6134599586237449	-0.1649434506045808
Unknown	268.26319	558	0.815994282325253	0.8143467586782571	-0.005472955089946841
Unknown	280.16194	582	0.684618683729071	0.7496415984769467	0.21600144731243434
Unknown	282.27861	589	1.0124402752870916	1.012749232508357	0.0010263336734397674
Unknown	283.282	594	0.9813377540441994	0.9815928723768432	0.0008474847567302242
Unknown	285.28847	599	0.6241777792760308	0.6708783774715729	0.1551360291938173
Unknown	291.12233	608	0.6634535090939512	0.6180092584676377	-0.15096253290665337
Unknown	292.20316	611	0.783647308028208	0.7534443995444705	-0.10033189023943968
Unknown	303.16967	639	0.7534587867654211	0.7746185730733313	0.07029128861805956
Unknown	309.18435	655	0.9229420035423773	0.9244162165952464	0.004897229758175732
Unknown	311.06441	658	0.539459180025929	0.48633128118466595	-0.17648705978312518
Unknown	320.23439	683	0.9495552348333085	0.9452509456802292	-0.014298539066132874
Unknown	324.23499	691	0.8094709014979014	0.8072929342580233	-0.007235050563895069
Unknown	333.20519	713	0.8782248878395635	0.8770739705969579	-0.0038232643231018706
Unknown	342.12149	731	0.730137351396182	0.5518667423474054	-0.5922021446918121
Unknown	356.17737	756	0.6262964451710236	0.6622871959780285	0.11955868626188018
Unknown	364.2153	765	0.6246402496580349	0.7198292060959538	0.31621086871413195
Unknown	369.23952	777	0.9341740681385828	0.9302464187660756	-0.013047368797398602
Unknown	373.20028	785	0.8145105499524702	0.8174269726071747	0.009688146353228982
Unknown	383.07669	790	0.7004264992071049	0.7149120615989917	0.04811999667985245
Unknown	408.2372	809	0.8796623302032467	0.8523355436585605	-0.09077761996578307
Unknown	416.29419	823	0.7355016692985857	0.7173842069292553	-0.06018490725274344
Unknown	420.23724	826	0.6621913059760616	0.6400659365840745	-0.07349888619300265
Unknown	427.07528	831	0.6144111152046218	0.6795047141092208	0.21623625499851667
Unknown	427.17235	832	0.9020175852763491	0.9018429796232956	-0.0005800274244044934
Unknown	438.24797	849	0.602903512475783	0.6215773744457781	0.062033226718175793
Unknown	462.34177	875	0.6233498098942185	0.7242859757069954	0.3353026850036729
Unknown	483.19632	883	0.7757240122671328	0.7829357360851602	0.023956827963673735
Unknown	484.14176	884	0.762055469849476	0.7667969815230632	0.01575096084072576
Unknown	492.29271	888	0.775276134675352	0.7727149042693073	-0.008508223243319563
Unknown	498.28455	890	0.7710152298915356	0.7708801458159198	-0.0004487395859600326
Unknown	535.5188	899	0.8763763727739986	0.8897951168684861	0.04457610300558228
Unknown	561.53451	909	0.9278320758882542	0.9295914170668735	0.005844404889747875
Unknown	586.44574	919	0.9155635662574864	0.9180386123121037	0.008221925024973669
Unknown	615.23859	936	0.7743321789280143	0.7995406464684914	0.08374071655176699
Unknown	634.53682	939	0.7786256589590821	0.79694633815663	0.06085997894375247
Unknown	101.00861	56	0.6183751769070076	0.720020582761832	0.3376587294253696
Acido Aspartico 	134.04467	148	0.8497831869375099	0.8282665910649466	-0.07147658433540544
Unknown	152.07046	213	0.7547059376741819	0.7626836475517195	0.026501378575052567
Unknown	170.1537	285	0.827569283938879	0.8167238023011689	-0.03602791015489402
Unknown	177.16354	312	0.8090458135273086	0.8096907687497663	0.0021424948734263937
Phosphocholine	184.07311	340	0.68311521051412	0.48490884833298653	-0.6584272831149275
Unknown	188.12788	352	0.6720900549387577	0.6648664805618985	-0.02399619466799725
Unknown	198.18497	382	0.8345770272095698	0.8324810942602593	-0.006962538549314919
Unknown	200.17229	388	0.7042410092697858	0.6329899069862512	-0.23669103846736672
Unknown	209.15338	409	0.7028293182734147	0.7513013485998749	0.1610205993577002
Unknown	214.17979	423	0.8795828729066082	0.8779576890200673	-0.0053987440120582125
Unknown	226.107	458	0.6016341740511353	0.6089948992532079	0.024451799847510808
Unknown	240.23174	493	0.8155094924688612	0.8040896594720488	-0.03793586407103262
Unknown	245.15328	510	0.9235265463509511	0.9251925265747103	0.005534266510832629
Unknown	249.04527	515	0.75387810527949	0.7968942704806886	0.14289660771617788
Unknown	257.17426	533	0.7680341247574117	0.7760404442592058	0.026596417689654556
Unknown	259.13252	538	0.924839773045759	0.9263108853743357	0.004886929375034056
Unknown	260.13577	539	0.8600341270998475	0.8628483805342525	0.009348747549882923
Unknown	261.22075	542	0.6587629927483061	0.7079344899920174	0.16334417816156108
Unknown	281.07042	585	0.6747940071092879	0.7076959991900094	0.10929805187071019
Unknown	283.15353	593	0.7074839709692329	0.7274134620321134	0.06620433627858971
Unknown	291.15868	609	0.9029103811538404	0.9039477756931394	0.003446150065580253
Unknown	314.17429	668	0.7568826370737646	0.7275802929803964	-0.09734028008981684
Unknown	315.17957	672	0.7916728746226724	0.7983250902816929	0.022098182090949603
Unknown	325.17667	694	0.8385291615466511	0.8415359753590743	0.0099884192795838
Unknown	329.13512	705	0.8943829620244287	0.8953572803164981	0.003236615307787967
Unknown	362.0964	763	0.6550485346631445	0.733511299244543	0.2606476620654802
Unknown	405.22657	807	0.8912410749330288	0.8888078515948978	-0.008082992968072777
Unknown	409.2394	811	0.7164297265092943	0.6826186394881708	-0.11231799989415119
Unknown	434.34547	842	0.6488369849199639	0.6499523208548424	0.003705065777310464
Unknown	436.36087	845	0.7857880942121328	0.8107162172203124	0.08280943217367988
Unknown	444.18575	857	0.7040972996310142	0.6411069754282904	-0.20924932767509147
Unknown	444.23739	858	0.6069379706442997	0.554267817345406	-0.17496646200561924
Unknown	447.35734	860	0.7221302437868181	0.7070062681206837	-0.05024075967172475
Unknown	460.23232	871	0.6635778107341755	0.6298571425740852	-0.11201763493937754
Unknown	462.17169	873	0.6923549884906599	0.5138568773724556	-0.5929578902078894
Unknown	485.36591	886	0.6196813874208814	0.6127359522203102	-0.023072236323997547
Unknown	627.31304	937	0.6634744554178673	0.6046992218288862	-0.19524709974280374
Unknown	76.03976	23	0.6206824846986385	0.5105694348610118	-0.3657876338693447
Unknown	86.0604	35	0.9398480936808232	0.9399503379454139	0.0003396480950850095
Unknown	91.03933	42	0.7471982769171475	0.7562213064558146	0.029973855325496793
Unknown	137.05953	160	0.9535359115084592	0.9427645276419373	-0.03578176268701541
Unknown	155.08936	225	0.8359743727843558	0.8371731630838789	0.003982295175864368
Unknown	160.07551	247	0.7144649084470657	0.7084836931228189	-0.019869167227186076
Unknown	163.13265	259	0.8092297349792846	0.799204112068022	-0.03330439841766961
Unknown	164.05985	262	0.8136483623629439	0.8138648660988286	0.0007192098428835209
Unknown	170.12542	284	0.6627004464697862	0.6120607255296078	-0.16822151170843452
Unknown	179.06998	316	0.7376609756342444	0.7437319941663033	0.020167487026228424
Unknown	186.14862	347	0.8827507649785067	0.8848050525777209	0.006824195690808319
Unknown	200.16423	387	0.8753205402118656	0.8734608221216995	-0.006177849772292999
Unknown	224.09141	454	0.7977954075720811	0.787083087622051	-0.03558555660342713
N-acetyl-O-methyltyrosine	238.10696	489	0.818820532844845	0.8083124990611255	-0.03490693264816337
Unknown	258.26982	537	0.825762762036465	0.8241454393052022	-0.005372629819481921
Unknown	264.23982	547	0.8059785382895591	0.8022708989884193	-0.012316511160164679
Unknown	277.14318	572	0.8557456996267294	0.8477896836046395	-0.02642931314715451
Unknown	285.2975	600	0.8728262726660805	0.8710455729311999	-0.005915356477858489
Unknown	300.15908	631	0.7419326087213457	0.6268484011372749	-0.3823014624513739
Unknown	334.14911	715	0.6905000782239019	0.7525223686844296	0.20603358919009138
Unknown	359.31495	758	0.9171538121341752	0.9174019270403188	0.0008242198774784422
Unknown	449.33632	861	0.6862169637994004	0.673427042225583	-0.042487199807469934
Unknown	465.10214	876	0.849892150402969	0.8492155622021794	-0.002247577352872053
Unknown	475.1762	879	0.7720586702515841	0.68757869960063	-0.2806363879606645
Unknown	484.36254	885	0.8129673988158269	0.7992431861090991	-0.04559084777068927
Unknown	537.53467	902	0.9144157979488969	0.9159486447955721	0.0050920070051299424
Unknown	114.09142	88	0.9280535511582959	0.9257129039123363	-0.007775461846574303
Treonina 	120.06556	106	0.8616672078025985	0.8546549569349866	-0.023294193165518083
Unknown	145.04935	189	0.895737194230739	0.90071666936832	0.016541458357323464
Acido glutamico 	148.06024	199	0.9231859706198539	0.9195748921627004	-0.011995742979660691
Unknown	162.99119	254	0.72014735439869	0.7366961992770622	0.05497407273939735
Unknown	97.02869	51	0.9076042779688072	0.9093918006492765	0.00593802181249912
Choline [M]+	104.10719	65	0.9478226372094142	0.9378559350699645	-0.03310866785041193
Unknown	149.05963	202	0.8031744743161545	0.7944538873228487	-0.02896916293697189
Unknown	156.13809	231	0.8118385408596507	0.8192155315715697	0.0245058327016467
Unknown	164.07856	265	0.7260222780295699	0.7301484897386381	0.013706978601806977
Unknown	179.10642	317	0.834188410242405	0.8369321523319047	0.009114513932233627
Unknown	183.1014	336	0.8413990321431473	0.8281079791062369	-0.044151922493950266
Unknown	183.13774	337	0.8512654169911518	0.8524508499269334	0.003937922973977932
Unknown	230.12537	474	0.7370115163371584	0.741222705577085	0.013989267848999436
Unknown	264.19545	546	0.6935647664090665	0.7086455910474763	0.05009741506040339
Unknown	269.13785	559	0.9581862263322849	0.9585041576519218	0.0010561449829462608
Unknown	287.14829	601	0.9076234993142956	0.9079983245377036	0.001245142440310902
Unknown	295.10197	620	0.8429702389502349	0.8376175445291969	-0.017781265980593285
Unknown	301.164	632	0.9581570559241803	0.9583991269069777	0.0008041423987114858
Unknown	311.09018	659	0.6711478399676383	0.6912541338403262	0.0667916624997439
Unknown	314.2766	669	0.868566270107356	0.8762587783606303	0.025553959286704633
Unknown	315.15618	671	0.5909984060985743	0.6525518839568987	0.20447622743559493
Unknown	353.13562	750	0.7727078191088069	0.7082375682091798	-0.21416553774790856
Unknown	353.26571	751	0.9120695275947494	0.9129064182793015	0.002780090677363676
Unknown	429.33167	835	0.7925980470892058	0.7315850050450766	-0.2026809385209364
Unknown	453.34271	865	0.7288983154678769	0.7104973123567586	-0.061126809208933514
Unknown	519.13815	895	0.8995468094652861	0.898683322065357	-0.0028684430534059837
Unknown	127.03893	123	0.9028203994827841	0.9044905576840494	0.005548145451689463
3-Hydroxytyramine	154.08602	220	0.9393804004000981	0.9075011128592853	-0.10590070092681877
Unknown	184.16933	341	0.8601745080213583	0.8623266088600625	0.007149124239121924
Unknown	297.08265	623	0.6096001001885148	0.6630248302073299	0.17747311161127408
Unknown	90.05529	41	0.8980658063550153	0.873663483485466	-0.0810627619208687
Unknown	164.07038	264	0.7199333195763842	0.6886640933815324	-0.10387412100206585
Unknown	256.263	529	0.9723791029112414	0.972477619404498	0.00032726470675880406
Unknown	257.26635	534	0.9350966808694245	0.9353018258448909	0.0006814768575262722
Unknown	302.24486	634	0.701499482578325	0.6440372643701165	-0.19088535706039553
Unknown	452.22745	864	0.7922109293434013	0.7843885562763147	-0.025985360860245426
Unknown	479.18626	881	0.8401187158695697	0.8467273069019772	0.021953264218175058
Unknown	593.15665	925	0.8760359481091728	0.8748172178466532	-0.004048534299153714
Unknown	496.20151	889	0.829541765325416	0.8385141142451192	0.029805497953494364
Unknown	135.08029	152	0.9435321069678165	0.9421751208557897	-0.004507810289914021
Unknown	119.04919	102	0.815393691244203	0.8138756069714832	-0.005042966795954917
Unknown	393.22629	800	0.5972034627514355	0.6897191776231951	0.30733055245108676
Unknown	165.05426	268	0.7499882500542874	0.7059013267124592	-0.14645358926636456
Unknown	433.34163	839	0.8462152203636577	0.8467965969744695	0.0019312912971659745
Unknown	454.24273	866	0.8731380732193734	0.8745227905909241	0.004599931540032583
Unknown	381.29686	788	0.5524474308101635	0.6349664854870928	0.2741223660948377
Unknown	409.18266	810	0.6055725810811297	0.7614596467800266	0.5178456231747179
